agent_budget,effective_boldness,evolution_kind,for_iteration,from_uuid,goal_id,parent_score,parent_uuids,scope_band,stagnation,success_rate,timestamp
,,seed,1,20260613_165929_4a2182de,09902ec3,,,,,,2026-06-13T16:02:59.754671
,,crossover,2,20260613_180259_126f2d0b,09902ec3,,20260613_165929_4a2182de;20260613_180259_126f2d0b,,,,2026-06-13T16:24:18.254142
,,crossover,3,20260613_182418_8904a856,09902ec3,,20260613_182418_8904a856;20260613_180259_126f2d0b,,,,2026-06-13T16:54:59.318293
,,crossover,4,20260613_185459_e28cc181,09902ec3,,20260613_165929_4a2182de;20260613_185459_e28cc181,,,,2026-06-13T17:46:56.859684
5,0.6352788247168063,mutation,5,20260613_194656_deae850d,09902ec3,0.5349,20260613_185459_e28cc181,"ADAPTATION (Component Overhaul):
- Objective: Major behavioral adjustment to fix localized stagnation.
- Scope: Completely rewrite the system prompts of lagging or failing agents. Swap, add, or deprecate specific tools.
- Invariance: Maintain the structural routing/topology of the multi-agent graph.
- Strategy: Retain the overall workflow architecture, but radically re-engineer how individual nodes think and execute.",0.6930314451456068,0.25,2026-06-13T18:01:05.217787
5,0.6352788247168063,crossover,6,generation_failed,86ebf398,0.5349,20260613_182418_8904a856;20260613_194656_deae850d,"ADAPTATION (Component Overhaul):
- Objective: Major behavioral adjustment to fix localized stagnation.
- Scope: Completely rewrite the system prompts of lagging or failing agents. Swap, add, or deprecate specific tools.
- Invariance: Maintain the structural routing/topology of the multi-agent graph.
- Strategy: Retain the overall workflow architecture, but radically re-engineer how individual nodes think and execute.",0.6930314451456068,0.25,2026-06-13T18:02:47.050638
7,0.7512767910957335,mutation,7,20260613_200247_0ad6d32c,09902ec3,0.5705,20260613_200247_0ad6d32c,"EXPLORATION (Macro Structural Mutation):
- Objective: Break out of a severe local minimum or chronic structural failure.
- Scope: Mutate the graph topology. Add a new specialized agent, merge two redundant agents, or change the routing logic.
- Invariance: Keep the fundamental task goal, but completely change the operational workflow.
- Strategy: Restructure the cognitive pipeline. Introduce parallel processing, voting consensus, or multi-step validation loops.",0.7512767910957335,0.2,2026-06-13T18:17:16.518955
7,1.0,mutation,8,20260613_201716_f1f2ffa6,09902ec3,0.5635,20260613_201716_f1f2ffa6,"RE-SPECIATION (Systemic Paradigm Shift):
- Objective: The current evolutionary branch is a dead end. Escape entirely.
- Scope: Clean-slate redesign of the multi-agent architecture.
- Invariance: None. Only the core task description and learned constraints/task specifications remain constant.
- Strategy: Rethink the entire approach. If it was a sequential pipeline, turn it into an autonomous swarm. If it was highly fragmented, design a single ultra-dense prompt. Radical experimentation.",0.7731565237045287,0.0,2026-06-13T18:37:57.457994
7,1.0,crossover,9,generation_failed,86ebf398,0.5635,20260613_200247_0ad6d32c;20260613_194656_deae850d,"RE-SPECIATION (Systemic Paradigm Shift):
- Objective: The current evolutionary branch is a dead end. Escape entirely.
- Scope: Clean-slate redesign of the multi-agent architecture.
- Invariance: None. Only the core task description and learned constraints/task specifications remain constant.
- Strategy: Rethink the entire approach. If it was a sequential pipeline, turn it into an autonomous swarm. If it was highly fragmented, design a single ultra-dense prompt. Radical experimentation.",0.7731565237045287,0.0,2026-06-13T18:44:31.042258
7,1.0,mutation,10,20260613_204431_50814a84,09902ec3,0.5705,20260613_204431_50814a84,"RE-SPECIATION (Systemic Paradigm Shift):
- Objective: The current evolutionary branch is a dead end. Escape entirely.
- Scope: Clean-slate redesign of the multi-agent architecture.
- Invariance: None. Only the core task description and learned constraints/task specifications remain constant.
- Strategy: Rethink the entire approach. If it was a sequential pipeline, turn it into an autonomous swarm. If it was highly fragmented, design a single ultra-dense prompt. Radical experimentation.",0.7719784379005431,0.0,2026-06-13T18:51:29.515763
7,1.0,mutation,11,20260613_205129_5907f2e4,09902ec3,0.5457,20260613_205129_5907f2e4,"RE-SPECIATION (Systemic Paradigm Shift):
- Objective: The current evolutionary branch is a dead end. Escape entirely.
- Scope: Clean-slate redesign of the multi-agent architecture.
- Invariance: None. Only the core task description and learned constraints/task specifications remain constant.
- Strategy: Rethink the entire approach. If it was a sequential pipeline, turn it into an autonomous swarm. If it was highly fragmented, design a single ultra-dense prompt. Radical experimentation.",0.7830689872304597,0.0,2026-06-13T19:11:30.951508
7,1.0,mutation,12,generation_failed,86ebf398,0.5457,20260613_205129_5907f2e4,"RE-SPECIATION (Systemic Paradigm Shift):
- Objective: The current evolutionary branch is a dead end. Escape entirely.
- Scope: Clean-slate redesign of the multi-agent architecture.
- Invariance: None. Only the core task description and learned constraints/task specifications remain constant.
- Strategy: Rethink the entire approach. If it was a sequential pipeline, turn it into an autonomous swarm. If it was highly fragmented, design a single ultra-dense prompt. Radical experimentation.",0.7830689872304597,0.0,2026-06-13T19:18:18.206230
7,1.0,mutation,13,generation_failed,86ebf398,0.5705,20260613_204431_50814a84,"RE-SPECIATION (Systemic Paradigm Shift):
- Objective: The current evolutionary branch is a dead end. Escape entirely.
- Scope: Clean-slate redesign of the multi-agent architecture.
- Invariance: None. Only the core task description and learned constraints/task specifications remain constant.
- Strategy: Rethink the entire approach. If it was a sequential pipeline, turn it into an autonomous swarm. If it was highly fragmented, design a single ultra-dense prompt. Radical experimentation.",0.7830689872304597,0.0,2026-06-13T19:20:40.304013
7,1.0,mutation,14,generation_failed,86ebf398,0.5635,20260613_201716_f1f2ffa6,"RE-SPECIATION (Systemic Paradigm Shift):
- Objective: The current evolutionary branch is a dead end. Escape entirely.
- Scope: Clean-slate redesign of the multi-agent architecture.
- Invariance: None. Only the core task description and learned constraints/task specifications remain constant.
- Strategy: Rethink the entire approach. If it was a sequential pipeline, turn it into an autonomous swarm. If it was highly fragmented, design a single ultra-dense prompt. Radical experimentation.",0.7830689872304597,0.0,2026-06-13T19:29:11.933333
6,1.0,mutation,15,generation_failed,86ebf398,0.5705,20260613_204431_50814a84,"RE-SPECIATION (Systemic Paradigm Shift):
- Objective: The current evolutionary branch is a dead end. Escape entirely.
- Scope: Clean-slate redesign of the multi-agent architecture.
- Invariance: None. Only the core task description and learned constraints/task specifications remain constant.
- Strategy: Rethink the entire approach. If it was a sequential pipeline, turn it into an autonomous swarm. If it was highly fragmented, design a single ultra-dense prompt. Radical experimentation.",0.7830689872304597,0.0,2026-06-13T19:30:33.567651
6,1.0,crossover,16,generation_failed,86ebf398,0.5705,20260613_205129_5907f2e4;20260613_185459_e28cc181,"RE-SPECIATION (Systemic Paradigm Shift):
- Objective: The current evolutionary branch is a dead end. Escape entirely.
- Scope: Clean-slate redesign of the multi-agent architecture.
- Invariance: None. Only the core task description and learned constraints/task specifications remain constant.
- Strategy: Rethink the entire approach. If it was a sequential pipeline, turn it into an autonomous swarm. If it was highly fragmented, design a single ultra-dense prompt. Radical experimentation.",0.7830689872304597,0.0,2026-06-13T19:33:08.162898
6,1.0,mutation,17,generation_failed,86ebf398,0.5635,20260613_201716_f1f2ffa6,"RE-SPECIATION (Systemic Paradigm Shift):
- Objective: The current evolutionary branch is a dead end. Escape entirely.
- Scope: Clean-slate redesign of the multi-agent architecture.
- Invariance: None. Only the core task description and learned constraints/task specifications remain constant.
- Strategy: Rethink the entire approach. If it was a sequential pipeline, turn it into an autonomous swarm. If it was highly fragmented, design a single ultra-dense prompt. Radical experimentation.",0.7830689872304597,0.0,2026-06-13T19:34:25.297126
6,1.0,crossover,18,generation_failed,86ebf398,0.5635,20260613_201716_f1f2ffa6;20260613_205129_5907f2e4,"RE-SPECIATION (Systemic Paradigm Shift):
- Objective: The current evolutionary branch is a dead end. Escape entirely.
- Scope: Clean-slate redesign of the multi-agent architecture.
- Invariance: None. Only the core task description and learned constraints/task specifications remain constant.
- Strategy: Rethink the entire approach. If it was a sequential pipeline, turn it into an autonomous swarm. If it was highly fragmented, design a single ultra-dense prompt. Radical experimentation.",0.7830689872304597,0.0,2026-06-13T19:36:47.902210
6,1.0,mutation,19,generation_failed,86ebf398,0.5457,20260613_205129_5907f2e4,"RE-SPECIATION (Systemic Paradigm Shift):
- Objective: The current evolutionary branch is a dead end. Escape entirely.
- Scope: Clean-slate redesign of the multi-agent architecture.
- Invariance: None. Only the core task description and learned constraints/task specifications remain constant.
- Strategy: Rethink the entire approach. If it was a sequential pipeline, turn it into an autonomous swarm. If it was highly fragmented, design a single ultra-dense prompt. Radical experimentation.",0.7830689872304597,0.0,2026-06-13T19:40:15.381082
7,1.0,seed,1,20260613_220123_2bc7250c,a5673478,0.0,,"RE-SPECIATION (Systemic Paradigm Shift):
- Objective: The current evolutionary branch is a dead end. Escape entirely.
- Scope: Clean-slate redesign of the multi-agent architecture.
- Invariance: None. Only the core task description and learned constraints/task specifications remain constant.
- Strategy: Rethink the entire approach. If it was a sequential pipeline, turn it into an autonomous swarm. If it was highly fragmented, design a single ultra-dense prompt. Radical experimentation.",0.8190207183361053,0.0,2026-06-13T20:19:28.294628
7,1.0,mutation,2,20260613_221928_5b98ced7,a5673478,0.848,20260613_220123_2bc7250c,"RE-SPECIATION (Systemic Paradigm Shift):
- Objective: The current evolutionary branch is a dead end. Escape entirely.
- Scope: Clean-slate redesign of the multi-agent architecture.
- Invariance: None. Only the core task description and learned constraints/task specifications remain constant.
- Strategy: Rethink the entire approach. If it was a sequential pipeline, turn it into an autonomous swarm. If it was highly fragmented, design a single ultra-dense prompt. Radical experimentation.",0.6049803627861868,0.0,2026-06-13T20:53:53.977201
7,1.0,mutation,3,20260613_225353_bf8eaf39,a5673478,0.3716,20260613_221928_5b98ced7,"RE-SPECIATION (Systemic Paradigm Shift):
- Objective: The current evolutionary branch is a dead end. Escape entirely.
- Scope: Clean-slate redesign of the multi-agent architecture.
- Invariance: None. Only the core task description and learned constraints/task specifications remain constant.
- Strategy: Rethink the entire approach. If it was a sequential pipeline, turn it into an autonomous swarm. If it was highly fragmented, design a single ultra-dense prompt. Radical experimentation.",0.5417500469419692,0.0,2026-06-13T21:03:07.847649
7,1.0,mutation,4,generation_failed,86ebf398,0.4865,20260613_225353_bf8eaf39,"RE-SPECIATION (Systemic Paradigm Shift):
- Objective: The current evolutionary branch is a dead end. Escape entirely.
- Scope: Clean-slate redesign of the multi-agent architecture.
- Invariance: None. Only the core task description and learned constraints/task specifications remain constant.
- Strategy: Rethink the entire approach. If it was a sequential pipeline, turn it into an autonomous swarm. If it was highly fragmented, design a single ultra-dense prompt. Radical experimentation.",0.5417500469419692,0.0,2026-06-13T21:05:15.456111
7,1.0,crossover,5,20260613_230515_279718cb,a5673478,0.4865,20260613_225353_bf8eaf39;20260613_230515_279718cb,"RE-SPECIATION (Systemic Paradigm Shift):
- Objective: The current evolutionary branch is a dead end. Escape entirely.
- Scope: Clean-slate redesign of the multi-agent architecture.
- Invariance: None. Only the core task description and learned constraints/task specifications remain constant.
- Strategy: Rethink the entire approach. If it was a sequential pipeline, turn it into an autonomous swarm. If it was highly fragmented, design a single ultra-dense prompt. Radical experimentation.",0.5417500469419692,0.0,2026-06-13T21:25:20.000682
7,1.0,mutation,6,20260613_232520_4730e0d2,a5673478,0.848,20260613_220123_2bc7250c,"RE-SPECIATION (Systemic Paradigm Shift):
- Objective: The current evolutionary branch is a dead end. Escape entirely.
- Scope: Clean-slate redesign of the multi-agent architecture.
- Invariance: None. Only the core task description and learned constraints/task specifications remain constant.
- Strategy: Rethink the entire approach. If it was a sequential pipeline, turn it into an autonomous swarm. If it was highly fragmented, design a single ultra-dense prompt. Radical experimentation.",0.43928092718124395,0.0,2026-06-13T21:37:54.407117
7,1.0,crossover,7,20260613_233754_7bf6fc4d,a5673478,0.848,20260613_230515_279718cb;20260613_233754_7bf6fc4d,"RE-SPECIATION (Systemic Paradigm Shift):
- Objective: The current evolutionary branch is a dead end. Escape entirely.
- Scope: Clean-slate redesign of the multi-agent architecture.
- Invariance: None. Only the core task description and learned constraints/task specifications remain constant.
- Strategy: Rethink the entire approach. If it was a sequential pipeline, turn it into an autonomous swarm. If it was highly fragmented, design a single ultra-dense prompt. Radical experimentation.",0.43928092718124395,0.0,2026-06-13T21:44:17.889765
7,1.0,crossover,8,20260613_234417_1f07b74c,a5673478,0.848,20260613_232520_4730e0d2;20260613_233754_7bf6fc4d,"RE-SPECIATION (Systemic Paradigm Shift):
- Objective: The current evolutionary branch is a dead end. Escape entirely.
- Scope: Clean-slate redesign of the multi-agent architecture.
- Invariance: None. Only the core task description and learned constraints/task specifications remain constant.
- Strategy: Rethink the entire approach. If it was a sequential pipeline, turn it into an autonomous swarm. If it was highly fragmented, design a single ultra-dense prompt. Radical experimentation.",0.43928092718124395,0.0,2026-06-13T22:03:42.352533
7,1.0,mutation,9,generation_failed,86ebf398,0.3716,20260613_221928_5b98ced7,"RE-SPECIATION (Systemic Paradigm Shift):
- Objective: The current evolutionary branch is a dead end. Escape entirely.
- Scope: Clean-slate redesign of the multi-agent architecture.
- Invariance: None. Only the core task description and learned constraints/task specifications remain constant.
- Strategy: Rethink the entire approach. If it was a sequential pipeline, turn it into an autonomous swarm. If it was highly fragmented, design a single ultra-dense prompt. Radical experimentation.",0.524662509560585,0.0,2026-06-13T22:04:31.509230
7,1.0,crossover,10,20260614_000431_b6e3482b,a5673478,0.3716,20260614_000431_b6e3482b;20260613_232520_4730e0d2,"RE-SPECIATION (Systemic Paradigm Shift):
- Objective: The current evolutionary branch is a dead end. Escape entirely.
- Scope: Clean-slate redesign of the multi-agent architecture.
- Invariance: None. Only the core task description and learned constraints/task specifications remain constant.
- Strategy: Rethink the entire approach. If it was a sequential pipeline, turn it into an autonomous swarm. If it was highly fragmented, design a single ultra-dense prompt. Radical experimentation.",0.524662509560585,0.0,2026-06-13T22:18:40.000969
7,1.0,mutation,11,20260614_001840_c091253d,a5673478,0.3716,20260613_221928_5b98ced7,"RE-SPECIATION (Systemic Paradigm Shift):
- Objective: The current evolutionary branch is a dead end. Escape entirely.
- Scope: Clean-slate redesign of the multi-agent architecture.
- Invariance: None. Only the core task description and learned constraints/task specifications remain constant.
- Strategy: Rethink the entire approach. If it was a sequential pipeline, turn it into an autonomous swarm. If it was highly fragmented, design a single ultra-dense prompt. Radical experimentation.",0.7165225247542062,0.0,2026-06-13T22:35:00.693126
7,1.0,crossover,12,20260614_003500_c291c130,a5673478,0.3716,20260614_001840_c091253d;20260614_003500_c291c130,"RE-SPECIATION (Systemic Paradigm Shift):
- Objective: The current evolutionary branch is a dead end. Escape entirely.
- Scope: Clean-slate redesign of the multi-agent architecture.
- Invariance: None. Only the core task description and learned constraints/task specifications remain constant.
- Strategy: Rethink the entire approach. If it was a sequential pipeline, turn it into an autonomous swarm. If it was highly fragmented, design a single ultra-dense prompt. Radical experimentation.",0.7165225247542062,0.0,2026-06-13T22:47:51.503102
4,1.0,mutation,13,20260614_004751_a84c9bee,a5673478,0.4332,20260614_004751_a84c9bee,"RE-SPECIATION (Systemic Paradigm Shift):
- Objective: The current evolutionary branch is a dead end. Escape entirely.
- Scope: Clean-slate redesign of the multi-agent architecture.
- Invariance: None. Only the core task description and learned constraints/task specifications remain constant.
- Strategy: Rethink the entire approach. If it was a sequential pipeline, turn it into an autonomous swarm. If it was highly fragmented, design a single ultra-dense prompt. Radical experimentation.",0.8523738450474208,0.0,2026-06-13T23:14:28.492946
4,1.0,crossover,14,generation_failed,86ebf398,0.4332,20260614_000431_b6e3482b;20260614_001840_c091253d,"RE-SPECIATION (Systemic Paradigm Shift):
- Objective: The current evolutionary branch is a dead end. Escape entirely.
- Scope: Clean-slate redesign of the multi-agent architecture.
- Invariance: None. Only the core task description and learned constraints/task specifications remain constant.
- Strategy: Rethink the entire approach. If it was a sequential pipeline, turn it into an autonomous swarm. If it was highly fragmented, design a single ultra-dense prompt. Radical experimentation.",0.8523738450474208,0.0,2026-06-13T23:19:14.972017
4,1.0,crossover,15,generation_failed,86ebf398,0.4332,20260613_233754_7bf6fc4d;20260613_234417_1f07b74c,"RE-SPECIATION (Systemic Paradigm Shift):
- Objective: The current evolutionary branch is a dead end. Escape entirely.
- Scope: Clean-slate redesign of the multi-agent architecture.
- Invariance: None. Only the core task description and learned constraints/task specifications remain constant.
- Strategy: Rethink the entire approach. If it was a sequential pipeline, turn it into an autonomous swarm. If it was highly fragmented, design a single ultra-dense prompt. Radical experimentation.",0.8523738450474208,0.0,2026-06-13T23:21:58.631130
7,1.0,mutation,16,20260614_012158_da54873b,a5673478,0.4633,20260614_012158_da54873b,"RE-SPECIATION (Systemic Paradigm Shift):
- Objective: The current evolutionary branch is a dead end. Escape entirely.
- Scope: Clean-slate redesign of the multi-agent architecture.
- Invariance: None. Only the core task description and learned constraints/task specifications remain constant.
- Strategy: Rethink the entire approach. If it was a sequential pipeline, turn it into an autonomous swarm. If it was highly fragmented, design a single ultra-dense prompt. Radical experimentation.",0.9177673094802432,0.0,2026-06-13T23:37:04.931371
7,1.0,crossover,17,20260614_013704_9aded7ef,a5673478,0.4633,20260614_004751_a84c9bee;20260614_013704_9aded7ef,"RE-SPECIATION (Systemic Paradigm Shift):
- Objective: The current evolutionary branch is a dead end. Escape entirely.
- Scope: Clean-slate redesign of the multi-agent architecture.
- Invariance: None. Only the core task description and learned constraints/task specifications remain constant.
- Strategy: Rethink the entire approach. If it was a sequential pipeline, turn it into an autonomous swarm. If it was highly fragmented, design a single ultra-dense prompt. Radical experimentation.",0.9177673094802432,0.0,2026-06-13T23:49:06.874863
7,1.0,mutation,18,generation_failed,86ebf398,0.3709,20260614_003500_c291c130,"RE-SPECIATION (Systemic Paradigm Shift):
- Objective: The current evolutionary branch is a dead end. Escape entirely.
- Scope: Clean-slate redesign of the multi-agent architecture.
- Invariance: None. Only the core task description and learned constraints/task specifications remain constant.
- Strategy: Rethink the entire approach. If it was a sequential pipeline, turn it into an autonomous swarm. If it was highly fragmented, design a single ultra-dense prompt. Radical experimentation.",0.8726497160063847,0.0,2026-06-13T23:54:39.132277
6,1.0,mutation,19,20260614_015439_e3bf8c09,a5673478,0.4015,20260614_015439_e3bf8c09,"RE-SPECIATION (Systemic Paradigm Shift):
- Objective: The current evolutionary branch is a dead end. Escape entirely.
- Scope: Clean-slate redesign of the multi-agent architecture.
- Invariance: None. Only the core task description and learned constraints/task specifications remain constant.
- Strategy: Rethink the entire approach. If it was a sequential pipeline, turn it into an autonomous swarm. If it was highly fragmented, design a single ultra-dense prompt. Radical experimentation.",0.8702693316671584,0.0,2026-06-14T00:15:57.779264
6,1.0,crossover,20,generation_failed,86ebf398,0.4015,20260613_232520_4730e0d2;20260614_012158_da54873b,"RE-SPECIATION (Systemic Paradigm Shift):
- Objective: The current evolutionary branch is a dead end. Escape entirely.
- Scope: Clean-slate redesign of the multi-agent architecture.
- Invariance: None. Only the core task description and learned constraints/task specifications remain constant.
- Strategy: Rethink the entire approach. If it was a sequential pipeline, turn it into an autonomous swarm. If it was highly fragmented, design a single ultra-dense prompt. Radical experimentation.",0.8702693316671584,0.0,2026-06-14T00:20:31.027915
7,1.0,seed,1,20260614_023947_c211bbb4,2baa33b1,0.0,,"RE-SPECIATION (Systemic Paradigm Shift):
- Objective: The current evolutionary branch is a dead end. Escape entirely.
- Scope: Clean-slate redesign of the multi-agent architecture.
- Invariance: None. Only the core task description and learned constraints/task specifications remain constant.
- Strategy: Rethink the entire approach. If it was a sequential pipeline, turn it into an autonomous swarm. If it was highly fragmented, design a single ultra-dense prompt. Radical experimentation.",0.8821650809711878,0.0,2026-06-14T01:00:01.662612
7,1.0,mutation,2,20260614_030001_18894a17,2baa33b1,0.8208,20260614_023947_c211bbb4,"RE-SPECIATION (Systemic Paradigm Shift):
- Objective: The current evolutionary branch is a dead end. Escape entirely.
- Scope: Clean-slate redesign of the multi-agent architecture.
- Invariance: None. Only the core task description and learned constraints/task specifications remain constant.
- Strategy: Rethink the entire approach. If it was a sequential pipeline, turn it into an autonomous swarm. If it was highly fragmented, design a single ultra-dense prompt. Radical experimentation.",0.7219397409094704,0.0,2026-06-14T01:01:21.786042
7,1.0,mutation,3,20260614_030121_4acaadbc,2baa33b1,0.7275,20260614_030121_4acaadbc,"RE-SPECIATION (Systemic Paradigm Shift):
- Objective: The current evolutionary branch is a dead end. Escape entirely.
- Scope: Clean-slate redesign of the multi-agent architecture.
- Invariance: None. Only the core task description and learned constraints/task specifications remain constant.
- Strategy: Rethink the entire approach. If it was a sequential pipeline, turn it into an autonomous swarm. If it was highly fragmented, design a single ultra-dense prompt. Radical experimentation.",0.6146023124456403,0.0,2026-06-14T01:16:35.287812
7,1.0,crossover,4,20260614_031635_e96b96b7,2baa33b1,0.7275,20260614_030121_4acaadbc;20260614_031635_e96b96b7,"RE-SPECIATION (Systemic Paradigm Shift):
- Objective: The current evolutionary branch is a dead end. Escape entirely.
- Scope: Clean-slate redesign of the multi-agent architecture.
- Invariance: None. Only the core task description and learned constraints/task specifications remain constant.
- Strategy: Rethink the entire approach. If it was a sequential pipeline, turn it into an autonomous swarm. If it was highly fragmented, design a single ultra-dense prompt. Radical experimentation.",0.6146023124456403,0.0,2026-06-14T01:31:21.031709
7,1.0,crossover,5,20260614_033121_729981f3,2baa33b1,0.7275,20260614_033121_729981f3;20260614_031635_e96b96b7,"RE-SPECIATION (Systemic Paradigm Shift):
- Objective: The current evolutionary branch is a dead end. Escape entirely.
- Scope: Clean-slate redesign of the multi-agent architecture.
- Invariance: None. Only the core task description and learned constraints/task specifications remain constant.
- Strategy: Rethink the entire approach. If it was a sequential pipeline, turn it into an autonomous swarm. If it was highly fragmented, design a single ultra-dense prompt. Radical experimentation.",0.6146023124456403,0.0,2026-06-14T01:53:32.132120
5,0.5471545308828354,mutation,6,generation_failed,86ebf398,0.8622,20260614_033121_729981f3,"ADAPTATION (Component Overhaul):
- Objective: Major behavioral adjustment to fix localized stagnation.
- Scope: Completely rewrite the system prompts of lagging or failing agents. Swap, add, or deprecate specific tools.
- Invariance: Maintain the structural routing/topology of the multi-agent graph.
- Strategy: Retain the overall workflow architecture, but radically re-engineer how individual nodes think and execute.",0.5471545308828354,0.2,2026-06-14T01:55:49.471391
5,0.5471545308828354,crossover,7,generation_failed,86ebf398,0.8622,20260614_031635_e96b96b7;20260614_033121_729981f3,"ADAPTATION (Component Overhaul):
- Objective: Major behavioral adjustment to fix localized stagnation.
- Scope: Completely rewrite the system prompts of lagging or failing agents. Swap, add, or deprecate specific tools.
- Invariance: Maintain the structural routing/topology of the multi-agent graph.
- Strategy: Retain the overall workflow architecture, but radically re-engineer how individual nodes think and execute.",0.5471545308828354,0.2,2026-06-14T01:58:40.292869
5,0.5471545308828354,crossover,8,generation_failed,86ebf398,0.8622,20260614_023947_c211bbb4;20260614_033121_729981f3,"ADAPTATION (Component Overhaul):
- Objective: Major behavioral adjustment to fix localized stagnation.
- Scope: Completely rewrite the system prompts of lagging or failing agents. Swap, add, or deprecate specific tools.
- Invariance: Maintain the structural routing/topology of the multi-agent graph.
- Strategy: Retain the overall workflow architecture, but radically re-engineer how individual nodes think and execute.",0.5471545308828354,0.2,2026-06-14T02:01:17.995572
5,0.5712898274262745,mutation,9,20260614_040117_f815a4e2,2baa33b1,0.77,20260614_040117_f815a4e2,"ADAPTATION (Component Overhaul):
- Objective: Major behavioral adjustment to fix localized stagnation.
- Scope: Completely rewrite the system prompts of lagging or failing agents. Swap, add, or deprecate specific tools.
- Invariance: Maintain the structural routing/topology of the multi-agent graph.
- Strategy: Retain the overall workflow architecture, but radically re-engineer how individual nodes think and execute.",0.5712898274262745,0.2,2026-06-14T02:11:30.437602
3,0.5712898274262745,mutation,10,generation_failed,86ebf398,0.7663,20260614_031635_e96b96b7,"ADAPTATION (Component Overhaul):
- Objective: Major behavioral adjustment to fix localized stagnation.
- Scope: Completely rewrite the system prompts of lagging or failing agents. Swap, add, or deprecate specific tools.
- Invariance: Maintain the structural routing/topology of the multi-agent graph.
- Strategy: Retain the overall workflow architecture, but radically re-engineer how individual nodes think and execute.",0.5712898274262745,0.2,2026-06-14T02:14:23.078316
3,0.5712898274262745,mutation,11,generation_failed,86ebf398,0.77,20260614_040117_f815a4e2,"ADAPTATION (Component Overhaul):
- Objective: Major behavioral adjustment to fix localized stagnation.
- Scope: Completely rewrite the system prompts of lagging or failing agents. Swap, add, or deprecate specific tools.
- Invariance: Maintain the structural routing/topology of the multi-agent graph.
- Strategy: Retain the overall workflow architecture, but radically re-engineer how individual nodes think and execute.",0.5712898274262745,0.2,2026-06-14T02:16:00.252096
3,0.5712898274262745,crossover,12,generation_failed,86ebf398,0.77,20260614_033121_729981f3;20260614_031635_e96b96b7,"ADAPTATION (Component Overhaul):
- Objective: Major behavioral adjustment to fix localized stagnation.
- Scope: Completely rewrite the system prompts of lagging or failing agents. Swap, add, or deprecate specific tools.
- Invariance: Maintain the structural routing/topology of the multi-agent graph.
- Strategy: Retain the overall workflow architecture, but radically re-engineer how individual nodes think and execute.",0.5712898274262745,0.2,2026-06-14T02:19:41.101080
4,0.5900891025861105,mutation,13,20260614_041941_2ab70dc1,2baa33b1,0.8622,20260614_041941_2ab70dc1,"ADAPTATION (Component Overhaul):
- Objective: Major behavioral adjustment to fix localized stagnation.
- Scope: Completely rewrite the system prompts of lagging or failing agents. Swap, add, or deprecate specific tools.
- Invariance: Maintain the structural routing/topology of the multi-agent graph.
- Strategy: Retain the overall workflow architecture, but radically re-engineer how individual nodes think and execute.",0.5900891025861105,0.2,2026-06-14T02:39:39.710722
5,0.5900891025861105,mutation,14,generation_failed,86ebf398,0.8622,20260614_041941_2ab70dc1,"ADAPTATION (Component Overhaul):
- Objective: Major behavioral adjustment to fix localized stagnation.
- Scope: Completely rewrite the system prompts of lagging or failing agents. Swap, add, or deprecate specific tools.
- Invariance: Maintain the structural routing/topology of the multi-agent graph.
- Strategy: Retain the overall workflow architecture, but radically re-engineer how individual nodes think and execute.",0.5900891025861105,0.2,2026-06-14T02:41:10.129829
6,0.5900891025861105,mutation,15,generation_failed,86ebf398,0.8622,20260614_041941_2ab70dc1,"ADAPTATION (Component Overhaul):
- Objective: Major behavioral adjustment to fix localized stagnation.
- Scope: Completely rewrite the system prompts of lagging or failing agents. Swap, add, or deprecate specific tools.
- Invariance: Maintain the structural routing/topology of the multi-agent graph.
- Strategy: Retain the overall workflow architecture, but radically re-engineer how individual nodes think and execute.",0.5900891025861105,0.2,2026-06-14T02:46:06.130153
6,0.5900891025861105,crossover,16,generation_failed,86ebf398,0.8622,20260614_040117_f815a4e2;20260614_041941_2ab70dc1,"ADAPTATION (Component Overhaul):
- Objective: Major behavioral adjustment to fix localized stagnation.
- Scope: Completely rewrite the system prompts of lagging or failing agents. Swap, add, or deprecate specific tools.
- Invariance: Maintain the structural routing/topology of the multi-agent graph.
- Strategy: Retain the overall workflow architecture, but radically re-engineer how individual nodes think and execute.",0.5900891025861105,0.2,2026-06-14T02:47:51.923352
6,0.5900891025861105,crossover,17,20260614_044751_c39ce7a5,2baa33b1,0.8622,20260614_044751_c39ce7a5;20260614_040117_f815a4e2,"ADAPTATION (Component Overhaul):
- Objective: Major behavioral adjustment to fix localized stagnation.
- Scope: Completely rewrite the system prompts of lagging or failing agents. Swap, add, or deprecate specific tools.
- Invariance: Maintain the structural routing/topology of the multi-agent graph.
- Strategy: Retain the overall workflow architecture, but radically re-engineer how individual nodes think and execute.",0.5900891025861105,0.2,2026-06-14T03:02:36.837151
6,0.5900891025861105,crossover,18,generation_failed,86ebf398,0.8622,20260614_044751_c39ce7a5;20260614_041941_2ab70dc1,"ADAPTATION (Component Overhaul):
- Objective: Major behavioral adjustment to fix localized stagnation.
- Scope: Completely rewrite the system prompts of lagging or failing agents. Swap, add, or deprecate specific tools.
- Invariance: Maintain the structural routing/topology of the multi-agent graph.
- Strategy: Retain the overall workflow architecture, but radically re-engineer how individual nodes think and execute.",0.5900891025861105,0.2,2026-06-14T03:03:24.588337
6,0.7005924847390915,mutation,19,20260614_050324_d03f3aa5,2baa33b1,0.7663,20260614_050324_d03f3aa5,"EXPLORATION (Macro Structural Mutation):
- Objective: Break out of a severe local minimum or chronic structural failure.
- Scope: Mutate the graph topology. Add a new specialized agent, merge two redundant agents, or change the routing logic.
- Invariance: Keep the fundamental task goal, but completely change the operational workflow.
- Strategy: Restructure the cognitive pipeline. Introduce parallel processing, voting consensus, or multi-step validation loops.",0.7005924847390915,0.2,2026-06-14T03:33:27.927044
7,1.0,seed,1,generation_failed,86ebf398,0.0,,"RE-SPECIATION (Systemic Paradigm Shift):
- Objective: The current evolutionary branch is a dead end. Escape entirely.
- Scope: Clean-slate redesign of the multi-agent architecture.
- Invariance: None. Only the core task description and learned constraints/task specifications remain constant.
- Strategy: Rethink the entire approach. If it was a sequential pipeline, turn it into an autonomous swarm. If it was highly fragmented, design a single ultra-dense prompt. Radical experimentation.",0.7981810602876873,0.0,2026-06-14T04:08:29.771437
5,0.660596983300315,mutation,2,20260614_060829_fb77e635,d42610a2,0.8157,20260614_060829_fb77e635,"EXPLORATION (Macro Structural Mutation):
- Objective: Break out of a severe local minimum or chronic structural failure.
- Scope: Mutate the graph topology. Add a new specialized agent, merge two redundant agents, or change the routing logic.
- Invariance: Keep the fundamental task goal, but completely change the operational workflow.
- Strategy: Restructure the cognitive pipeline. Introduce parallel processing, voting consensus, or multi-step validation loops.",0.660596983300315,0.2,2026-06-14T04:40:58.599116
5,0.660596983300315,crossover,3,20260614_064058_b3f1d33b,d42610a2,0.8157,20260614_064058_b3f1d33b;20260614_060829_fb77e635,"EXPLORATION (Macro Structural Mutation):
- Objective: Break out of a severe local minimum or chronic structural failure.
- Scope: Mutate the graph topology. Add a new specialized agent, merge two redundant agents, or change the routing logic.
- Invariance: Keep the fundamental task goal, but completely change the operational workflow.
- Strategy: Restructure the cognitive pipeline. Introduce parallel processing, voting consensus, or multi-step validation loops.",0.660596983300315,0.2,2026-06-14T05:08:31.218395
1,0.4969825347264606,mutation,4,20260614_070831_f1277353,d42610a2,0.4875,20260614_070831_f1277353,"ALIGNMENT (Interface Optimization):
- Objective: Smooth out execution friction and coordination errors between nodes.
- Scope: Update agent handoff prompts, context-passing schemas, or tool usage instructions.
- Invariance: Keep the macro-topology and core agent identities exactly as they are.
- Strategy: Focus heavily on clarifying the input/output boundaries and communication contracts between agents.",0.4969825347264606,0.2,2026-06-14T05:26:21.975461
2,0.4969825347264606,mutation,5,generation_failed,86ebf398,0.4875,20260614_070831_f1277353,"ALIGNMENT (Interface Optimization):
- Objective: Smooth out execution friction and coordination errors between nodes.
- Scope: Update agent handoff prompts, context-passing schemas, or tool usage instructions.
- Invariance: Keep the macro-topology and core agent identities exactly as they are.
- Strategy: Focus heavily on clarifying the input/output boundaries and communication contracts between agents.",0.4969825347264606,0.2,2026-06-14T05:29:35.678212
4,0.42853993177413924,mutation,6,20260614_072935_f4315c51,d42610a2,0.4875,20260614_072935_f4315c51,"ALIGNMENT (Interface Optimization):
- Objective: Smooth out execution friction and coordination errors between nodes.
- Scope: Update agent handoff prompts, context-passing schemas, or tool usage instructions.
- Invariance: Keep the macro-topology and core agent identities exactly as they are.
- Strategy: Focus heavily on clarifying the input/output boundaries and communication contracts between agents.",0.42853993177413924,0.2,2026-06-14T06:00:43.745002
4,0.42853993177413924,crossover,7,generation_failed,86ebf398,0.4875,20260614_072935_f4315c51;20260614_070831_f1277353,"ALIGNMENT (Interface Optimization):
- Objective: Smooth out execution friction and coordination errors between nodes.
- Scope: Update agent handoff prompts, context-passing schemas, or tool usage instructions.
- Invariance: Keep the macro-topology and core agent identities exactly as they are.
- Strategy: Focus heavily on clarifying the input/output boundaries and communication contracts between agents.",0.42853993177413924,0.2,2026-06-14T06:05:38.536100
4,0.42853993177413924,crossover,8,generation_failed,86ebf398,0.4875,20260614_072935_f4315c51;20260614_064058_b3f1d33b,"ALIGNMENT (Interface Optimization):
- Objective: Smooth out execution friction and coordination errors between nodes.
- Scope: Update agent handoff prompts, context-passing schemas, or tool usage instructions.
- Invariance: Keep the macro-topology and core agent identities exactly as they are.
- Strategy: Focus heavily on clarifying the input/output boundaries and communication contracts between agents.",0.42853993177413924,0.2,2026-06-14T06:08:14.716969
2,0.37693958812289763,mutation,9,20260614_080814_8ef5cf82,d42610a2,0.7523,20260614_080814_8ef5cf82,"ALIGNMENT (Interface Optimization):
- Objective: Smooth out execution friction and coordination errors between nodes.
- Scope: Update agent handoff prompts, context-passing schemas, or tool usage instructions.
- Invariance: Keep the macro-topology and core agent identities exactly as they are.
- Strategy: Focus heavily on clarifying the input/output boundaries and communication contracts between agents.",0.37693958812289763,0.2,2026-06-14T06:45:18.055960
2,0.37693958812289763,crossover,10,20260614_084518_2778c06d,d42610a2,0.7523,20260614_084518_2778c06d;20260614_080814_8ef5cf82,"ALIGNMENT (Interface Optimization):
- Objective: Smooth out execution friction and coordination errors between nodes.
- Scope: Update agent handoff prompts, context-passing schemas, or tool usage instructions.
- Invariance: Keep the macro-topology and core agent identities exactly as they are.
- Strategy: Focus heavily on clarifying the input/output boundaries and communication contracts between agents.",0.37693958812289763,0.2,2026-06-14T07:10:33.287670
7,1.0,mutation,11,20260614_091033_5ae42589,d42610a2,0.7032,20260614_084518_2778c06d,"RE-SPECIATION (Systemic Paradigm Shift):
- Objective: The current evolutionary branch is a dead end. Escape entirely.
- Scope: Clean-slate redesign of the multi-agent architecture.
- Invariance: None. Only the core task description and learned constraints/task specifications remain constant.
- Strategy: Rethink the entire approach. If it was a sequential pipeline, turn it into an autonomous swarm. If it was highly fragmented, design a single ultra-dense prompt. Radical experimentation.",0.43128348886966705,0.0,2026-06-14T07:31:26.056294
7,1.0,mutation,12,generation_failed,86ebf398,0.8012,20260614_091033_5ae42589,"RE-SPECIATION (Systemic Paradigm Shift):
- Objective: The current evolutionary branch is a dead end. Escape entirely.
- Scope: Clean-slate redesign of the multi-agent architecture.
- Invariance: None. Only the core task description and learned constraints/task specifications remain constant.
- Strategy: Rethink the entire approach. If it was a sequential pipeline, turn it into an autonomous swarm. If it was highly fragmented, design a single ultra-dense prompt. Radical experimentation.",0.43128348886966705,0.0,2026-06-14T07:33:28.842034
7,1.0,mutation,13,generation_failed,86ebf398,0.4875,20260614_072935_f4315c51,"RE-SPECIATION (Systemic Paradigm Shift):
- Objective: The current evolutionary branch is a dead end. Escape entirely.
- Scope: Clean-slate redesign of the multi-agent architecture.
- Invariance: None. Only the core task description and learned constraints/task specifications remain constant.
- Strategy: Rethink the entire approach. If it was a sequential pipeline, turn it into an autonomous swarm. If it was highly fragmented, design a single ultra-dense prompt. Radical experimentation.",0.43128348886966705,0.0,2026-06-14T07:39:28.903630
6,1.0,mutation,14,generation_failed,86ebf398,0.8012,20260614_091033_5ae42589,"RE-SPECIATION (Systemic Paradigm Shift):
- Objective: The current evolutionary branch is a dead end. Escape entirely.
- Scope: Clean-slate redesign of the multi-agent architecture.
- Invariance: None. Only the core task description and learned constraints/task specifications remain constant.
- Strategy: Rethink the entire approach. If it was a sequential pipeline, turn it into an autonomous swarm. If it was highly fragmented, design a single ultra-dense prompt. Radical experimentation.",0.43128348886966705,0.0,2026-06-14T07:43:16.968093
6,1.0,crossover,15,generation_failed,86ebf398,0.8012,20260614_091033_5ae42589;20260614_084518_2778c06d,"RE-SPECIATION (Systemic Paradigm Shift):
- Objective: The current evolutionary branch is a dead end. Escape entirely.
- Scope: Clean-slate redesign of the multi-agent architecture.
- Invariance: None. Only the core task description and learned constraints/task specifications remain constant.
- Strategy: Rethink the entire approach. If it was a sequential pipeline, turn it into an autonomous swarm. If it was highly fragmented, design a single ultra-dense prompt. Radical experimentation.",0.43128348886966705,0.0,2026-06-14T07:47:11.087813
7,1.0,mutation,16,20260614_094711_656905a0,d42610a2,0.7739,20260614_094711_656905a0,"RE-SPECIATION (Systemic Paradigm Shift):
- Objective: The current evolutionary branch is a dead end. Escape entirely.
- Scope: Clean-slate redesign of the multi-agent architecture.
- Invariance: None. Only the core task description and learned constraints/task specifications remain constant.
- Strategy: Rethink the entire approach. If it was a sequential pipeline, turn it into an autonomous swarm. If it was highly fragmented, design a single ultra-dense prompt. Radical experimentation.",0.48795536657174426,0.0,2026-06-14T08:12:32.551220
7,1.0,crossover,17,20260614_101232_6cef3ea4,d42610a2,0.7739,20260614_101232_6cef3ea4;20260614_094711_656905a0,"RE-SPECIATION (Systemic Paradigm Shift):
- Objective: The current evolutionary branch is a dead end. Escape entirely.
- Scope: Clean-slate redesign of the multi-agent architecture.
- Invariance: None. Only the core task description and learned constraints/task specifications remain constant.
- Strategy: Rethink the entire approach. If it was a sequential pipeline, turn it into an autonomous swarm. If it was highly fragmented, design a single ultra-dense prompt. Radical experimentation.",0.48795536657174426,0.0,2026-06-14T09:04:32.271847
7,1.0,crossover,18,generation_failed,86ebf398,0.7739,20260614_091033_5ae42589;20260614_072935_f4315c51,"RE-SPECIATION (Systemic Paradigm Shift):
- Objective: The current evolutionary branch is a dead end. Escape entirely.
- Scope: Clean-slate redesign of the multi-agent architecture.
- Invariance: None. Only the core task description and learned constraints/task specifications remain constant.
- Strategy: Rethink the entire approach. If it was a sequential pipeline, turn it into an autonomous swarm. If it was highly fragmented, design a single ultra-dense prompt. Radical experimentation.",0.48795536657174426,0.0,2026-06-14T09:05:24.263356
7,1.0,mutation,19,20260614_110524_0ea97664,d42610a2,0.7635,20260614_110524_0ea97664,"RE-SPECIATION (Systemic Paradigm Shift):
- Objective: The current evolutionary branch is a dead end. Escape entirely.
- Scope: Clean-slate redesign of the multi-agent architecture.
- Invariance: None. Only the core task description and learned constraints/task specifications remain constant.
- Strategy: Rethink the entire approach. If it was a sequential pipeline, turn it into an autonomous swarm. If it was highly fragmented, design a single ultra-dense prompt. Radical experimentation.",0.7853489352597128,0.0,2026-06-14T09:18:25.454385
7,1.0,crossover,20,generation_failed,86ebf398,0.7635,20260614_101232_6cef3ea4;20260614_070831_f1277353,"RE-SPECIATION (Systemic Paradigm Shift):
- Objective: The current evolutionary branch is a dead end. Escape entirely.
- Scope: Clean-slate redesign of the multi-agent architecture.
- Invariance: None. Only the core task description and learned constraints/task specifications remain constant.
- Strategy: Rethink the entire approach. If it was a sequential pipeline, turn it into an autonomous swarm. If it was highly fragmented, design a single ultra-dense prompt. Radical experimentation.",0.7853489352597128,0.0,2026-06-14T09:21:09.827525
6,1.0,seed,1,20260614_114438_bb59426c,86ebf398,0.0,,"RE-SPECIATION (Systemic Paradigm Shift):
- Objective: The current evolutionary branch is a dead end. Escape entirely.
- Scope: Clean-slate redesign of the multi-agent architecture.
- Invariance: None. Only the core task description and learned constraints/task specifications remain constant.
- Strategy: Rethink the entire approach. If it was a sequential pipeline, turn it into an autonomous swarm. If it was highly fragmented, design a single ultra-dense prompt. Radical experimentation.",0.7923818826675413,0.0,2026-06-14T09:58:27.589240
7,1.0,mutation,2,20260614_115827_ccdaf47c,86ebf398,0.8604,20260614_114438_bb59426c,"RE-SPECIATION (Systemic Paradigm Shift):
- Objective: The current evolutionary branch is a dead end. Escape entirely.
- Scope: Clean-slate redesign of the multi-agent architecture.
- Invariance: None. Only the core task description and learned constraints/task specifications remain constant.
- Strategy: Rethink the entire approach. If it was a sequential pipeline, turn it into an autonomous swarm. If it was highly fragmented, design a single ultra-dense prompt. Radical experimentation.",0.4020423036482598,0.0,2026-06-14T10:13:06.058708
7,1.0,mutation,3,20260614_121306_e4e7161a,86ebf398,0.7848,20260614_115827_ccdaf47c,"RE-SPECIATION (Systemic Paradigm Shift):
- Objective: The current evolutionary branch is a dead end. Escape entirely.
- Scope: Clean-slate redesign of the multi-agent architecture.
- Invariance: None. Only the core task description and learned constraints/task specifications remain constant.
- Strategy: Rethink the entire approach. If it was a sequential pipeline, turn it into an autonomous swarm. If it was highly fragmented, design a single ultra-dense prompt. Radical experimentation.",0.2762359587682617,0.0,2026-06-14T10:25:04.486243
3,0.232580760286914,mutation,4,20260614_122504_5d81ab5b,86ebf398,0.8783,20260614_122504_5d81ab5b,"EXPLOITATION (Point Mutation):
- Objective: Micro-tune the current high-performing lineage.
- Scope: Modify only minor phrasing, system instructions, or prompt adjectives.
- Invariance: DO NOT alter the agent graph, agent roles, tool definitions, or handoff structures.
- Strategy: Keep 90% of the prompt identical. Optimize for nuance and alignment.",0.232580760286914,0.2,2026-06-14T10:40:12.687700
1,0.2087450184755854,mutation,5,20260614_124012_a8903c42,86ebf398,0.7848,20260614_115827_ccdaf47c,"EXPLOITATION (Point Mutation):
- Objective: Micro-tune the current high-performing lineage.
- Scope: Modify only minor phrasing, system instructions, or prompt adjectives.
- Invariance: DO NOT alter the agent graph, agent roles, tool definitions, or handoff structures.
- Strategy: Keep 90% of the prompt identical. Optimize for nuance and alignment.",0.2087450184755854,0.2,2026-06-14T10:49:42.121096
1,0.18935970796479115,mutation,6,20260614_124942_1e319884,86ebf398,0.8604,20260614_114438_bb59426c,"EXPLOITATION (Point Mutation):
- Objective: Micro-tune the current high-performing lineage.
- Scope: Modify only minor phrasing, system instructions, or prompt adjectives.
- Invariance: DO NOT alter the agent graph, agent roles, tool definitions, or handoff structures.
- Strategy: Keep 90% of the prompt identical. Optimize for nuance and alignment.",0.18935970796479115,0.2,2026-06-14T10:58:09.690450
1,0.18935970796479115,crossover,7,20260614_125809_329c729c,86ebf398,0.8604,20260614_124942_1e319884;20260614_122504_5d81ab5b,"EXPLOITATION (Point Mutation):
- Objective: Micro-tune the current high-performing lineage.
- Scope: Modify only minor phrasing, system instructions, or prompt adjectives.
- Invariance: DO NOT alter the agent graph, agent roles, tool definitions, or handoff structures.
- Strategy: Keep 90% of the prompt identical. Optimize for nuance and alignment.",0.18935970796479115,0.2,2026-06-14T11:22:01.508117
1,0.31167393094963497,mutation,8,20260614_132201_24189bb5,86ebf398,0.8555,20260614_132201_24189bb5,"EXPLOITATION (Point Mutation):
- Objective: Micro-tune the current high-performing lineage.
- Scope: Modify only minor phrasing, system instructions, or prompt adjectives.
- Invariance: DO NOT alter the agent graph, agent roles, tool definitions, or handoff structures.
- Strategy: Keep 90% of the prompt identical. Optimize for nuance and alignment.",0.31167393094963497,0.2,2026-06-14T11:38:32.864281
7,1.0,mutation,9,20260614_133832_9ad83e80,86ebf398,0.8338,20260614_124012_a8903c42,"RE-SPECIATION (Systemic Paradigm Shift):
- Objective: The current evolutionary branch is a dead end. Escape entirely.
- Scope: Clean-slate redesign of the multi-agent architecture.
- Invariance: None. Only the core task description and learned constraints/task specifications remain constant.
- Strategy: Rethink the entire approach. If it was a sequential pipeline, turn it into an autonomous swarm. If it was highly fragmented, design a single ultra-dense prompt. Radical experimentation.",0.46514116062058325,0.0,2026-06-14T11:52:58.644934
7,1.0,crossover,10,generation_failed,86ebf398,0.8338,20260614_124012_a8903c42;20260614_125809_329c729c,"RE-SPECIATION (Systemic Paradigm Shift):
- Objective: The current evolutionary branch is a dead end. Escape entirely.
- Scope: Clean-slate redesign of the multi-agent architecture.
- Invariance: None. Only the core task description and learned constraints/task specifications remain constant.
- Strategy: Rethink the entire approach. If it was a sequential pipeline, turn it into an autonomous swarm. If it was highly fragmented, design a single ultra-dense prompt. Radical experimentation.",0.46514116062058325,0.0,2026-06-14T11:57:13.095051
7,1.0,crossover,11,20260614_135713_a6b079ef,86ebf398,0.8338,20260614_135713_a6b079ef;20260614_121306_e4e7161a,"RE-SPECIATION (Systemic Paradigm Shift):
- Objective: The current evolutionary branch is a dead end. Escape entirely.
- Scope: Clean-slate redesign of the multi-agent architecture.
- Invariance: None. Only the core task description and learned constraints/task specifications remain constant.
- Strategy: Rethink the entire approach. If it was a sequential pipeline, turn it into an autonomous swarm. If it was highly fragmented, design a single ultra-dense prompt. Radical experimentation.",0.46514116062058325,0.0,2026-06-14T12:05:16.730689
7,1.0,crossover,12,20260614_140516_f46fba8d,86ebf398,0.8338,20260614_125809_329c729c;20260614_132201_24189bb5,"RE-SPECIATION (Systemic Paradigm Shift):
- Objective: The current evolutionary branch is a dead end. Escape entirely.
- Scope: Clean-slate redesign of the multi-agent architecture.
- Invariance: None. Only the core task description and learned constraints/task specifications remain constant.
- Strategy: Rethink the entire approach. If it was a sequential pipeline, turn it into an autonomous swarm. If it was highly fragmented, design a single ultra-dense prompt. Radical experimentation.",0.46514116062058325,0.0,2026-06-14T12:18:00.143587
3,0.6465620845556258,mutation,13,20260614_141800_a92d6990,86ebf398,0.8833,20260614_140516_f46fba8d,"ADAPTATION (Component Overhaul):
- Objective: Major behavioral adjustment to fix localized stagnation.
- Scope: Completely rewrite the system prompts of lagging or failing agents. Swap, add, or deprecate specific tools.
- Invariance: Maintain the structural routing/topology of the multi-agent graph.
- Strategy: Retain the overall workflow architecture, but radically re-engineer how individual nodes think and execute.",0.6465620845556258,0.2,2026-06-14T12:27:57.442273
